-- phpMyAdmin SQL Dump
-- version 4.1.14
-- http://www.phpmyadmin.net
--
-- Client :  127.0.0.1
-- Générée le :  Lun 11 Décembre 2017 à 16:24
-- Version du serveur :  5.6.17
-- Version de PHP :  5.5.12

SET SQL_MODE = "NO_AUTO_VALUE_ON_ZERO";

/*!40101 SET @OLD_CHARACTER_SET_CLIENT=@@CHARACTER_SET_CLIENT */;
/*!40101 SET @OLD_CHARACTER_SET_RESULTS=@@CHARACTER_SET_RESULTS */;
/*!40101 SET @OLD_COLLATION_CONNECTION=@@COLLATION_CONNECTION */;
/*!40101 SET NAMES utf8 */;


--
-- Contenu de la table 'tracegps_utilisateurs'
--
INSERT INTO tracegps_utilisateurs (id, pseudo, mdpSha1, adrMail, numTel, niveau) VALUES
(1, 'admin', 'ff9fff929a1292db1c00e3142139b22ee4925177', 'delasalle.sio.eleves@gmail.com', '11.22.33.44.55', 2),
(2, 'callisto', '13e3668bbee30b004380052b086457b014504b3e', 'delasalle.sio.eleves@gmail.com', '22.33.44.55.66', 1),
(3, 'europa', '13e3668bbee30b004380052b086457b014504b3e', 'delasalle.sio.eleves@gmail.com', '22.33.44.55.66', 1),
(4, 'galileo', '13e3668bbee30b004380052b086457b014504b3e', 'delasalle.sio.eleves@gmail.com', '22.33.44.55.66', 1),
(5, 'helios', '13e3668bbee30b004380052b086457b014504b3e', 'delasalle.sio.eleves@gmail.com', '33.44.55.66.77', 1),
(6, 'indigo', '13e3668bbee30b004380052b086457b014504b3e', 'delasalle.sio.eleves@gmail.com', '44.55.66.77.88', 1),
(7, 'juno', '13e3668bbee30b004380052b086457b014504b3e', 'delasalle.sio.eleves@gmail.com', '44.55.66.77.88', 1),
(8, 'kepler', '13e3668bbee30b004380052b086457b014504b3e', 'delasalle.sio.eleves@gmail.com', '44.55.66.77.88', 1),
(9, 'luna', '13e3668bbee30b004380052b086457b014504b3e', 'delasalle.sio.eleves@gmail.com', '44.55.66.77.88', 1),
(10, 'mars', '13e3668bbee30b004380052b086457b014504b3e', 'delasalle.sio.eleves@gmail.com', '44.55.66.77.88', 1),
(11, 'neon', '13e3668bbee30b004380052b086457b014504b3e', 'delasalle.sio.eleves@gmail.com', '44.55.66.77.88', 1),
(12, 'oxygen', '13e3668bbee30b004380052b086457b014504b3e', 'delasalle.sio.eleves@gmail.com', '44.55.66.77.88', 1),
(13, 'photon', '13e3668bbee30b004380052b086457b014504b3e', 'delasalle.sio.eleves@gmail.com', '44.55.66.77.88', 1);


--
-- Contenu de la table 'tracegps_autorisations'
--
INSERT INTO tracegps_autorisations (idAutorisant, idAutorise) VALUES
(2, 3),
(2, 4),
(3, 4),
(3, 5),
(4, 5),
(4, 6),
(5, 6),
(5, 7),
(6, 7),
(6, 8),
(7, 8),
(7, 9),
(8, 9),
(8, 10),
(9, 10),
(9, 11),
(10, 11),
(10, 12),
(11, 12),
(11, 13);


--
-- Contenu de la table 'tracegps_traces'
--
INSERT INTO tracegps_traces (id, dateDebut, dateFin, terminee, idUtilisateur) VALUES
(1, '2018-01-19 13:08:48', NULL, 0, 2),
(2, '2018-01-19 13:08:48', '2018-01-19 13:11:48', 1, 2),
(3, '2018-01-19 13:08:48', NULL, 0, 3),
(4, '2018-01-19 13:08:48', '2018-01-19 13:11:48', 1, 3),
(5, '2018-01-19 13:08:48', NULL, 0, 4),
(6, '2018-01-19 13:08:48', '2018-01-19 13:11:48', 1, 4),
(7, '2018-01-19 13:08:48', NULL, 0, 5),
(8, '2018-01-19 13:08:48', '2018-01-19 13:11:48', 1, 5),
(9, '2018-01-19 13:08:48', NULL, 0, 6),
(10, '2018-01-19 13:08:48', '2018-01-19 13:11:48', 1, 6),
(11, '2018-01-19 13:08:48', NULL, 0, 7),
(12, '2018-01-19 13:08:48', '2018-01-19 13:11:48', 1, 7),
(13, '2018-01-19 13:08:48', NULL, 0, 8),
(14, '2018-01-19 13:08:48', '2018-01-19 13:11:48', 1, 8),
(15, '2018-01-19 13:08:48', NULL, 0, 9),
(16, '2018-01-19 13:08:48', '2018-01-19 13:11:48', 1, 9),
(17, '2018-01-19 13:08:48', NULL, 0, 10),
(18, '2018-01-19 13:08:48', '2018-01-19 13:11:48', 1, 10),
(19, '2018-01-19 13:08:48', NULL, 0, 11),
(20, '2018-01-19 13:08:48', '2018-01-19 13:11:48', 1, 11),
(21, '2018-01-19 13:08:48', NULL, 0, 12),
(22, '2018-01-19 13:08:48', '2018-01-19 13:11:48', 1, 12);


--
-- Contenu de la table 'tracegps_points'
--
INSERT INTO tracegps_points (idTrace, id, latitude, longitude, altitude, dateHeure, rythmeCardio) VALUES
(1, 1, 48.2109, -1.5535, 60, '2018-01-19 13:08:48', 81),
(1, 2, 48.2119, -1.5525, 70, '2018-01-19 13:09:08', 82),
(1, 3, 48.2129, -1.5515, 80, '2018-01-19 13:09:28', 83),
(1, 4, 48.2139, -1.5505, 90, '2018-01-19 13:09:48', 84),
(1, 5, 48.2149, -1.5495, 100, '2018-01-19 13:10:08', 85),
(2, 1, 48.2109, -1.5535, 60, '2018-01-19 13:08:48', 81),
(2, 2, 48.2119, -1.5525, 70, '2018-01-19 13:09:08', 82),
(2, 3, 48.2129, -1.5515, 80, '2018-01-19 13:09:28', 83),
(2, 4, 48.2139, -1.5505, 90, '2018-01-19 13:09:48', 84),
(2, 5, 48.2149, -1.5495, 100, '2018-01-19 13:10:08', 85),
(2, 6, 48.2159, -1.5485, 110, '2018-01-19 13:10:28', 86),
(2, 7, 48.2169, -1.5475, 120, '2018-01-19 13:10:48', 87),
(2, 8, 48.2179, -1.5465, 130, '2018-01-19 13:11:08', 88),
(2, 9, 48.2189, -1.5455, 140, '2018-01-19 13:11:28', 89),
(2, 10, 48.2199, -1.5445, 150, '2018-01-19 13:11:48', 90),
(3, 1, 48.2109, -1.5535, 60, '2018-01-19 13:08:48', 81),
(3, 2, 48.2119, -1.5525, 70, '2018-01-19 13:09:08', 82),
(3, 3, 48.2129, -1.5515, 80, '2018-01-19 13:09:28', 83),
(3, 4, 48.2139, -1.5505, 90, '2018-01-19 13:09:48', 84),
(3, 5, 48.2149, -1.5495, 100, '2018-01-19 13:10:08', 85),
(4, 1, 48.2109, -1.5535, 60, '2018-01-19 13:08:48', 81),
(4, 2, 48.2119, -1.5525, 70, '2018-01-19 13:09:08', 82),
(4, 3, 48.2129, -1.5515, 80, '2018-01-19 13:09:28', 83),
(4, 4, 48.2139, -1.5505, 90, '2018-01-19 13:09:48', 84),
(4, 5, 48.2149, -1.5495, 100, '2018-01-19 13:10:08', 85),
(4, 6, 48.2159, -1.5485, 110, '2018-01-19 13:10:28', 86),
(4, 7, 48.2169, -1.5475, 120, '2018-01-19 13:10:48', 87),
(4, 8, 48.2179, -1.5465, 130, '2018-01-19 13:11:08', 88),
(4, 9, 48.2189, -1.5455, 140, '2018-01-19 13:11:28', 89),
(4, 10, 48.2199, -1.5445, 150, '2018-01-19 13:11:48', 90),
(5, 1, 48.2109, -1.5535, 60, '2018-01-19 13:08:48', 81),
(5, 2, 48.2119, -1.5525, 70, '2018-01-19 13:09:08', 82),
(5, 3, 48.2129, -1.5515, 80, '2018-01-19 13:09:28', 83),
(5, 4, 48.2139, -1.5505, 90, '2018-01-19 13:09:48', 84),
(5, 5, 48.2149, -1.5495, 100, '2018-01-19 13:10:08', 85),
(6, 1, 48.2109, -1.5535, 60, '2018-01-19 13:08:48', 81),
(6, 2, 48.2119, -1.5525, 70, '2018-01-19 13:09:08', 82),
(6, 3, 48.2129, -1.5515, 80, '2018-01-19 13:09:28', 83),
(6, 4, 48.2139, -1.5505, 90, '2018-01-19 13:09:48', 84),
(6, 5, 48.2149, -1.5495, 100, '2018-01-19 13:10:08', 85),
(6, 6, 48.2159, -1.5485, 110, '2018-01-19 13:10:28', 86),
(6, 7, 48.2169, -1.5475, 120, '2018-01-19 13:10:48', 87),
(6, 8, 48.2179, -1.5465, 130, '2018-01-19 13:11:08', 88),
(6, 9, 48.2189, -1.5455, 140, '2018-01-19 13:11:28', 89),
(6, 10, 48.2199, -1.5445, 150, '2018-01-19 13:11:48', 90),
(7, 1, 48.2109, -1.5535, 60, '2018-01-19 13:08:48', 81),
(7, 2, 48.2119, -1.5525, 70, '2018-01-19 13:09:08', 82),
(7, 3, 48.2129, -1.5515, 80, '2018-01-19 13:09:28', 83),
(7, 4, 48.2139, -1.5505, 90, '2018-01-19 13:09:48', 84),
(7, 5, 48.2149, -1.5495, 100, '2018-01-19 13:10:08', 85),
(8, 1, 48.2109, -1.5535, 60, '2018-01-19 13:08:48', 81),
(8, 2, 48.2119, -1.5525, 70, '2018-01-19 13:09:08', 82),
(8, 3, 48.2129, -1.5515, 80, '2018-01-19 13:09:28', 83),
(8, 4, 48.2139, -1.5505, 90, '2018-01-19 13:09:48', 84),
(8, 5, 48.2149, -1.5495, 100, '2018-01-19 13:10:08', 85),
(8, 6, 48.2159, -1.5485, 110, '2018-01-19 13:10:28', 86),
(8, 7, 48.2169, -1.5475, 120, '2018-01-19 13:10:48', 87),
(8, 8, 48.2179, -1.5465, 130, '2018-01-19 13:11:08', 88),
(8, 9, 48.2189, -1.5455, 140, '2018-01-19 13:11:28', 89),
(8, 10, 48.2199, -1.5445, 150, '2018-01-19 13:11:48', 90),
(9, 1, 48.2109, -1.5535, 60, '2018-01-19 13:08:48', 81),
(9, 2, 48.2119, -1.5525, 70, '2018-01-19 13:09:08', 82),
(9, 3, 48.2129, -1.5515, 80, '2018-01-19 13:09:28', 83),
(9, 4, 48.2139, -1.5505, 90, '2018-01-19 13:09:48', 84),
(9, 5, 48.2149, -1.5495, 100, '2018-01-19 13:10:08', 85),
(10, 1, 48.2109, -1.5535, 60, '2018-01-19 13:08:48', 81),
(10, 2, 48.2119, -1.5525, 70, '2018-01-19 13:09:08', 82),
(10, 3, 48.2129, -1.5515, 80, '2018-01-19 13:09:28', 83),
(10, 4, 48.2139, -1.5505, 90, '2018-01-19 13:09:48', 84),
(10, 5, 48.2149, -1.5495, 100, '2018-01-19 13:10:08', 85),
(10, 6, 48.2159, -1.5485, 110, '2018-01-19 13:10:28', 86),
(10, 7, 48.2169, -1.5475, 120, '2018-01-19 13:10:48', 87),
(10, 8, 48.2179, -1.5465, 130, '2018-01-19 13:11:08', 88),
(10, 9, 48.2189, -1.5455, 140, '2018-01-19 13:11:28', 89),
(10, 10, 48.2199, -1.5445, 150, '2018-01-19 13:11:48', 90),
(11, 1, 48.2109, -1.5535, 60, '2018-01-19 13:08:48', 81),
(11, 2, 48.2119, -1.5525, 70, '2018-01-19 13:09:08', 82),
(11, 3, 48.2129, -1.5515, 80, '2018-01-19 13:09:28', 83),
(11, 4, 48.2139, -1.5505, 90, '2018-01-19 13:09:48', 84),
(11, 5, 48.2149, -1.5495, 100, '2018-01-19 13:10:08', 85),
(12, 1, 48.2109, -1.5535, 60, '2018-01-19 13:08:48', 81),
(12, 2, 48.2119, -1.5525, 70, '2018-01-19 13:09:08', 82),
(12, 3, 48.2129, -1.5515, 80, '2018-01-19 13:09:28', 83),
(12, 4, 48.2139, -1.5505, 90, '2018-01-19 13:09:48', 84),
(12, 5, 48.2149, -1.5495, 100, '2018-01-19 13:10:08', 85),
(12, 6, 48.2159, -1.5485, 110, '2018-01-19 13:10:28', 86),
(12, 7, 48.2169, -1.5475, 120, '2018-01-19 13:10:48', 87),
(12, 8, 48.2179, -1.5465, 130, '2018-01-19 13:11:08', 88),
(12, 9, 48.2189, -1.5455, 140, '2018-01-19 13:11:28', 89),
(12, 10, 48.2199, -1.5445, 150, '2018-01-19 13:11:48', 90),
(13, 1, 48.2109, -1.5535, 60, '2018-01-19 13:08:48', 81),
(13, 2, 48.2119, -1.5525, 70, '2018-01-19 13:09:08', 82),
(13, 3, 48.2129, -1.5515, 80, '2018-01-19 13:09:28', 83),
(13, 4, 48.2139, -1.5505, 90, '2018-01-19 13:09:48', 84),
(13, 5, 48.2149, -1.5495, 100, '2018-01-19 13:10:08', 85),
(14, 1, 48.2109, -1.5535, 60, '2018-01-19 13:08:48', 81),
(14, 2, 48.2119, -1.5525, 70, '2018-01-19 13:09:08', 82),
(14, 3, 48.2129, -1.5515, 80, '2018-01-19 13:09:28', 83),
(14, 4, 48.2139, -1.5505, 90, '2018-01-19 13:09:48', 84),
(14, 5, 48.2149, -1.5495, 100, '2018-01-19 13:10:08', 85),
(14, 6, 48.2159, -1.5485, 110, '2018-01-19 13:10:28', 86),
(14, 7, 48.2169, -1.5475, 120, '2018-01-19 13:10:48', 87),
(14, 8, 48.2179, -1.5465, 130, '2018-01-19 13:11:08', 88),
(14, 9, 48.2189, -1.5455, 140, '2018-01-19 13:11:28', 89),
(14, 10, 48.2199, -1.5445, 150, '2018-01-19 13:11:48', 90),
(15, 1, 48.2109, -1.5535, 60, '2018-01-19 13:08:48', 81),
(15, 2, 48.2119, -1.5525, 70, '2018-01-19 13:09:08', 82),
(15, 3, 48.2129, -1.5515, 80, '2018-01-19 13:09:28', 83),
(15, 4, 48.2139, -1.5505, 90, '2018-01-19 13:09:48', 84),
(15, 5, 48.2149, -1.5495, 100, '2018-01-19 13:10:08', 85),
(16, 1, 48.2109, -1.5535, 60, '2018-01-19 13:08:48', 81),
(16, 2, 48.2119, -1.5525, 70, '2018-01-19 13:09:08', 82),
(16, 3, 48.2129, -1.5515, 80, '2018-01-19 13:09:28', 83),
(16, 4, 48.2139, -1.5505, 90, '2018-01-19 13:09:48', 84),
(16, 5, 48.2149, -1.5495, 100, '2018-01-19 13:10:08', 85),
(16, 6, 48.2159, -1.5485, 110, '2018-01-19 13:10:28', 86),
(16, 7, 48.2169, -1.5475, 120, '2018-01-19 13:10:48', 87),
(16, 8, 48.2179, -1.5465, 130, '2018-01-19 13:11:08', 88),
(16, 9, 48.2189, -1.5455, 140, '2018-01-19 13:11:28', 89),
(16, 10, 48.2199, -1.5445, 150, '2018-01-19 13:11:48', 90),
(17, 1, 48.2109, -1.5535, 60, '2018-01-19 13:08:48', 81),
(17, 2, 48.2119, -1.5525, 70, '2018-01-19 13:09:08', 82),
(17, 3, 48.2129, -1.5515, 80, '2018-01-19 13:09:28', 83),
(17, 4, 48.2139, -1.5505, 90, '2018-01-19 13:09:48', 84),
(17, 5, 48.2149, -1.5495, 100, '2018-01-19 13:10:08', 85),
(18, 1, 48.2109, -1.5535, 60, '2018-01-19 13:08:48', 81),
(18, 2, 48.2119, -1.5525, 70, '2018-01-19 13:09:08', 82),
(18, 3, 48.2129, -1.5515, 80, '2018-01-19 13:09:28', 83),
(18, 4, 48.2139, -1.5505, 90, '2018-01-19 13:09:48', 84),
(18, 5, 48.2149, -1.5495, 100, '2018-01-19 13:10:08', 85),
(18, 6, 48.2159, -1.5485, 110, '2018-01-19 13:10:28', 86),
(18, 7, 48.2169, -1.5475, 120, '2018-01-19 13:10:48', 87),
(18, 8, 48.2179, -1.5465, 130, '2018-01-19 13:11:08', 88),
(18, 9, 48.2189, -1.5455, 140, '2018-01-19 13:11:28', 89),
(18, 10, 48.2199, -1.5445, 150, '2018-01-19 13:11:48', 90),
(19, 1, 48.2109, -1.5535, 60, '2018-01-19 13:08:48', 81),
(19, 2, 48.2119, -1.5525, 70, '2018-01-19 13:09:08', 82),
(19, 3, 48.2129, -1.5515, 80, '2018-01-19 13:09:28', 83),
(19, 4, 48.2139, -1.5505, 90, '2018-01-19 13:09:48', 84),
(19, 5, 48.2149, -1.5495, 100, '2018-01-19 13:10:08', 85),
(20, 1, 48.2109, -1.5535, 60, '2018-01-19 13:08:48', 81),
(20, 2, 48.2119, -1.5525, 70, '2018-01-19 13:09:08', 82),
(20, 3, 48.2129, -1.5515, 80, '2018-01-19 13:09:28', 83),
(20, 4, 48.2139, -1.5505, 90, '2018-01-19 13:09:48', 84),
(20, 5, 48.2149, -1.5495, 100, '2018-01-19 13:10:08', 85),
(20, 6, 48.2159, -1.5485, 110, '2018-01-19 13:10:28', 86),
(20, 7, 48.2169, -1.5475, 120, '2018-01-19 13:10:48', 87),
(20, 8, 48.2179, -1.5465, 130, '2018-01-19 13:11:08', 88),
(20, 9, 48.2189, -1.5455, 140, '2018-01-19 13:11:28', 89),
(20, 10, 48.2199, -1.5445, 150, '2018-01-19 13:11:48', 90),
(21, 1, 48.2109, -1.5535, 60, '2018-01-19 13:08:48', 81),
(21, 2, 48.2119, -1.5525, 70, '2018-01-19 13:09:08', 82),
(21, 3, 48.2129, -1.5515, 80, '2018-01-19 13:09:28', 83),
(21, 4, 48.2139, -1.5505, 90, '2018-01-19 13:09:48', 84),
(21, 5, 48.2149, -1.5495, 100, '2018-01-19 13:10:08', 85),
(22, 1, 48.2109, -1.5535, 60, '2018-01-19 13:08:48', 81),
(22, 2, 48.2119, -1.5525, 70, '2018-01-19 13:09:08', 82),
(22, 3, 48.2129, -1.5515, 80, '2018-01-19 13:09:28', 83),
(22, 4, 48.2139, -1.5505, 90, '2018-01-19 13:09:48', 84),
(22, 5, 48.2149, -1.5495, 100, '2018-01-19 13:10:08', 85),
(22, 6, 48.2159, -1.5485, 110, '2018-01-19 13:10:28', 86),
(22, 7, 48.2169, -1.5475, 120, '2018-01-19 13:10:48', 87),
(22, 8, 48.2179, -1.5465, 130, '2018-01-19 13:11:08', 88),
(22, 9, 48.2189, -1.5455, 140, '2018-01-19 13:11:28', 89),
(22, 10, 48.2199, -1.5445, 150, '2018-01-19 13:11:48', 90);


/*!40101 SET CHARACTER_SET_CLIENT=@OLD_CHARACTER_SET_CLIENT */;
/*!40101 SET CHARACTER_SET_RESULTS=@OLD_CHARACTER_SET_RESULTS */;
/*!40101 SET COLLATION_CONNECTION=@OLD_COLLATION_CONNECTION */;

